<?xml version="1.0" encoding="utf-8"?>
<?xml-stylesheet type='text/xsl' href='ConversionLogFile.xsl'?>
<LogFile projectName="kömür kırma_V18" typeText="Type" messageText="Message" timeText="Time">
  <MessageCell ServiceId="80" MessageId="30" MessageClass="Information" Timestamp="8/12/2024 7:46:55 PM">
    <Number ServiceNumber="80" MessageNumber="30" />
    <Text FeedbackText="Upgrade started" />
    <Help HelpId="-1" />
  </MessageCell>
  <Details ServiceId="80" MessageId="30" Timestamp="8/12/2024 7:46:58 PM" Debug="false">
    <Text>Reorganization succeed!</Text>
  </Details>
  <MessageCell ServiceId="80" MessageId="30" MessageClass="Information" Timestamp="8/12/2024 7:46:59 PM">
    <Number ServiceNumber="80" MessageNumber="30" />
    <Text FeedbackText="CheckRepair lost+found objects" />
    <Help HelpId="-1" />
  </MessageCell>
  <Details ServiceId="80" MessageId="30" Timestamp="8/12/2024 7:46:59 PM" Debug="false">
    <Text>No error is detected.</Text>
  </Details>
  <MessageCell ServiceId="80" MessageId="30" MessageClass="Information" Timestamp="8/12/2024 7:46:59 PM">
    <Number ServiceNumber="80" MessageNumber="30" />
    <Text FeedbackText="CheckRepair missing bidirectional links" />
    <Help HelpId="-1" />
  </MessageCell>
  <Details ServiceId="80" MessageId="30" Timestamp="8/12/2024 7:46:59 PM" Debug="false">
    <Text>No error is detected.</Text>
  </Details>
  <MessageCell ServiceId="80" MessageId="30" MessageClass="Information" Timestamp="8/12/2024 7:47:00 PM">
    <Number ServiceNumber="80" MessageNumber="30" />
    <Text FeedbackText="CheckRepair clear segment flags" />
    <Help HelpId="-1" />
  </MessageCell>
  <Details ServiceId="80" MessageId="30" Timestamp="8/12/2024 7:47:00 PM" Debug="false">
    <Text>No error is detected.</Text>
  </Details>
  <MessageCell ServiceId="80" MessageId="30" MessageClass="Information" Timestamp="8/12/2024 7:47:11 PM">
    <Number ServiceNumber="80" MessageNumber="30" />
    <Text FeedbackText="C0010:1015 Repair 'Comment' for DeviceDataObject 'S7-1200 station_1'. Comment object had no culture infos." />
    <Help HelpId="-1" />
  </MessageCell>
  <MessageCell ServiceId="80" MessageId="30" MessageClass="Information" Timestamp="8/12/2024 7:47:11 PM">
    <Number ServiceNumber="80" MessageNumber="30" />
    <Text FeedbackText="C0010:1015 Repair 'Comment' for DeviceDataObject 'HMI_1'. Comment object had no culture infos." />
    <Help HelpId="-1" />
  </MessageCell>
  <MessageCell ServiceId="80" MessageId="30" MessageClass="Information" Timestamp="8/12/2024 7:47:11 PM">
    <Number ServiceNumber="80" MessageNumber="30" />
    <Text FeedbackText="A user with the required engineering right &quot;Upgrade project&quot; has logged on." />
    <Help HelpId="-1" />
  </MessageCell>
  <MessageCell ServiceId="80" MessageId="30" MessageClass="Information" Timestamp="8/12/2024 7:47:11 PM">
    <Number ServiceNumber="80" MessageNumber="30" />
    <Text FeedbackText="Removing outdated system roles." />
    <Help HelpId="-1" />
  </MessageCell>
  <MessageCell ServiceId="80" MessageId="30" MessageClass="Information" Timestamp="8/12/2024 7:47:11 PM">
    <Number ServiceNumber="80" MessageNumber="30" />
    <Text FeedbackText="The removal of outdated system roles has finished." />
    <Help HelpId="-1" />
  </MessageCell>
  <MessageCell ServiceId="80" MessageId="30" MessageClass="Information" Timestamp="8/12/2024 7:47:11 PM">
    <Number ServiceNumber="80" MessageNumber="30" />
    <Text FeedbackText="Starting change link between DFR and DFRSet" />
    <Help HelpId="-1" />
  </MessageCell>
  <MessageCell ServiceId="80" MessageId="30" MessageClass="Information" Timestamp="8/12/2024 7:47:11 PM">
    <Number ServiceNumber="80" MessageNumber="30" />
    <Text FeedbackText="Finished change link between DFR and DFRSet" />
    <Help HelpId="-1" />
  </MessageCell>
  <MessageCell ServiceId="80" MessageId="30" MessageClass="Information" Timestamp="8/12/2024 7:47:11 PM">
    <Number ServiceNumber="80" MessageNumber="30" />
    <Text FeedbackText="Starting data conversion workflow for umac entities i.e. System Role, EFR &amp; DFR" />
    <Help HelpId="-1" />
  </MessageCell>
  <MessageCell ServiceId="80" MessageId="30" MessageClass="Information" Timestamp="8/12/2024 7:47:11 PM">
    <Number ServiceNumber="80" MessageNumber="30" />
    <Text FeedbackText="Finished data conversion workflow for umac entities i.e. System Role, EFR &amp; DFR" />
    <Help HelpId="-1" />
  </MessageCell>
  <Details ServiceId="80" MessageId="30" Timestamp="8/12/2024 7:47:12 PM" Debug="false">
    <Text>HmiConvert: Started conversion section.</Text>
  </Details>
  <Details ServiceId="80" MessageId="30" Timestamp="8/12/2024 7:47:12 PM" Debug="false">
    <Text>HmiConvert: Starting conversion step &lt;Siemens.Simatic.Hmi.Device.DeviceManagers.Scan:Siemens.Simatic.Hmi.Utah.Device.Upgrade.DeviceConverter.ConvertHmiDeviceToV18&gt;.</Text>
  </Details>
  <Details ServiceId="80" MessageId="30" Timestamp="8/12/2024 7:47:12 PM" Debug="false">
    <Text>HmiConvert: Finished conversion step &lt;Siemens.Simatic.Hmi.Device.DeviceManagers.Scan:Siemens.Simatic.Hmi.Utah.Device.Upgrade.DeviceConverter.ConvertHmiDeviceToV18&gt;.</Text>
  </Details>
  <Details ServiceId="80" MessageId="30" Timestamp="8/12/2024 7:47:12 PM" Debug="false">
    <Text>HmiConvert: Starting conversion step &lt;Siemens.Simatic.Hmi.ScreenModules.Managers.Scan:Siemens.Simatic.Hmi.Utah.Modules.ScreenModules.OrphanedInterfaceConnection.Repair&gt;.</Text>
  </Details>
  <Details ServiceId="80" MessageId="30" Timestamp="8/12/2024 7:47:12 PM" Debug="false">
    <Text>HmiConvert: Finished conversion step &lt;Siemens.Simatic.Hmi.ScreenModules.Managers.Scan:Siemens.Simatic.Hmi.Utah.Modules.ScreenModules.OrphanedInterfaceConnection.Repair&gt;.</Text>
  </Details>
  <Details ServiceId="80" MessageId="30" Timestamp="8/12/2024 7:47:12 PM" Debug="false">
    <Text>HmiConvert: Starting conversion step &lt;Siemens.Simatic.Hmi.Alarm.Managers.Scan:Siemens.Simatic.Hmi.Utah.Alarm.OrphanedProcessValue.Repair&gt;.</Text>
  </Details>
  <Details ServiceId="80" MessageId="30" Timestamp="8/12/2024 7:47:12 PM" Debug="false">
    <Text>HmiConvert: Finished conversion step &lt;Siemens.Simatic.Hmi.Alarm.Managers.Scan:Siemens.Simatic.Hmi.Utah.Alarm.OrphanedProcessValue.Repair&gt;.</Text>
  </Details>
  <Details ServiceId="80" MessageId="30" Timestamp="8/12/2024 7:47:12 PM" Debug="false">
    <Text>HmiConvert: Starting conversion step &lt;Siemens.Simatic.Hmi.Globalization.Managers.Scan:Siemens.Simatic.Hmi.Utah.Globalization.TextCategoryConvert.CreateMissingTextCategoriesForLegacyDevices&gt;.</Text>
  </Details>
  <Details ServiceId="80" MessageId="30" Timestamp="8/12/2024 7:47:12 PM" Debug="false">
    <Text>HmiConvert: Finished conversion step &lt;Siemens.Simatic.Hmi.Globalization.Managers.Scan:Siemens.Simatic.Hmi.Utah.Globalization.TextCategoryConvert.CreateMissingTextCategoriesForLegacyDevices&gt;.</Text>
  </Details>
  <Details ServiceId="80" MessageId="30" Timestamp="8/12/2024 7:47:12 PM" Debug="false">
    <Text>HmiConvert: Starting conversion step &lt;Siemens.Simatic.Hmi.BL.ModernUI:Siemens.Simatic.Hmi.BL.ModernUI.Convert.TextCategoryConvertV18.ReplaceTextCategoryWithFormattedTextCategoryInConvert&gt;.</Text>
  </Details>
  <Details ServiceId="80" MessageId="30" Timestamp="8/12/2024 7:47:12 PM" Debug="false">
    <Text>HmiConvert: Finished conversion step &lt;Siemens.Simatic.Hmi.BL.ModernUI:Siemens.Simatic.Hmi.BL.ModernUI.Convert.TextCategoryConvertV18.ReplaceTextCategoryWithFormattedTextCategoryInConvert&gt;.</Text>
  </Details>
  <Details ServiceId="80" MessageId="30" Timestamp="8/12/2024 7:47:12 PM" Debug="false">
    <Text>HmiConvert: Starting conversion step &lt;Siemens.Simatic.Hmi.BL.Scheduler.Scan:Siemens.Simatic.Hmi.BL.Scheduler.CheckRepair.ProjectUpgrades.ActionUpgrade.Repair&gt;.</Text>
  </Details>
  <Details ServiceId="80" MessageId="30" Timestamp="8/12/2024 7:47:12 PM" Debug="false">
    <Text>HmiConvert: Finished conversion step &lt;Siemens.Simatic.Hmi.BL.Scheduler.Scan:Siemens.Simatic.Hmi.BL.Scheduler.CheckRepair.ProjectUpgrades.ActionUpgrade.Repair&gt;.</Text>
  </Details>
  <Details ServiceId="80" MessageId="30" Timestamp="8/12/2024 7:47:12 PM" Debug="false">
    <Text>HmiConvert: Starting conversion step &lt;Siemens.Simatic.Hmi.Globalization.Managers.Scan:Siemens.Simatic.Hmi.Utah.Globalization.FontConvert.RepairScreenItemReferencesOnGlobalFontList&gt;.</Text>
  </Details>
  <Details ServiceId="80" MessageId="30" Timestamp="8/12/2024 7:47:12 PM" Debug="false">
    <Text>HmiConvert: Finished conversion step &lt;Siemens.Simatic.Hmi.Globalization.Managers.Scan:Siemens.Simatic.Hmi.Utah.Globalization.FontConvert.RepairScreenItemReferencesOnGlobalFontList&gt;.</Text>
  </Details>
  <Details ServiceId="80" MessageId="30" Timestamp="8/12/2024 7:47:12 PM" Debug="false">
    <Text>HmiConvert: Starting conversion step &lt;Siemens.Simatic.Hmi.RuntimeIT.Managers.Scan:Siemens.Simatic.Hmi.Utah.RTSecurity.Upgrade.UpgradeSaltSettings.RepairSalt&gt;.</Text>
  </Details>
  <Details ServiceId="80" MessageId="30" Timestamp="8/12/2024 7:47:12 PM" Debug="false">
    <Text>HmiConvert: Finished conversion step &lt;Siemens.Simatic.Hmi.RuntimeIT.Managers.Scan:Siemens.Simatic.Hmi.Utah.RTSecurity.Upgrade.UpgradeSaltSettings.RepairSalt&gt;.</Text>
  </Details>
  <Details ServiceId="80" MessageId="30" Timestamp="8/12/2024 7:47:12 PM" Debug="false">
    <Text>HmiConvert: Starting conversion step &lt;Siemens.Simatic.Hmi.BL.ModernUI:Siemens.Simatic.Hmi.BL.ModernUI.Convert.ScreenItemPhaseConverter.AdaptModel&gt;.</Text>
  </Details>
  <Details ServiceId="80" MessageId="30" Timestamp="8/12/2024 7:47:12 PM" Debug="false">
    <Text>HmiConvert: Finished conversion step &lt;Siemens.Simatic.Hmi.BL.ModernUI:Siemens.Simatic.Hmi.BL.ModernUI.Convert.ScreenItemPhaseConverter.AdaptModel&gt;.</Text>
  </Details>
  <Details ServiceId="80" MessageId="30" Timestamp="8/12/2024 7:47:12 PM" Debug="false">
    <Text>HmiConvert is waiting for external dependency: Siemens.Simatic.Lang.SPLConvert</Text>
  </Details>
  <MessageCell ServiceId="80" MessageId="30" MessageClass="Warning" Timestamp="8/12/2024 7:47:14 PM">
    <Number ServiceNumber="80" MessageNumber="30" />
    <Text FeedbackText="Project element: '\PLC_1\ProgramBlocksFolder\Main' - Checksum inconsistency for 'General; Event'." />
    <Help HelpId="-1" />
  </MessageCell>
  <MessageCell ServiceId="80" MessageId="30" MessageClass="Warning" Timestamp="8/12/2024 7:47:14 PM">
    <Number ServiceNumber="80" MessageNumber="30" />
    <Text FeedbackText="Project element: '\PLC_1\ProgramBlocksFolder\doluluk' - Checksum inconsistency for 'General'." />
    <Help HelpId="-1" />
  </MessageCell>
  <MessageCell ServiceId="80" MessageId="30" MessageClass="Warning" Timestamp="8/12/2024 7:47:14 PM">
    <Number ServiceNumber="80" MessageNumber="30" />
    <Text FeedbackText="Project element: '\PLC_1\ProgramBlocksFolder\ARABA' - Checksum inconsistency for 'General'." />
    <Help HelpId="-1" />
  </MessageCell>
  <MessageCell ServiceId="80" MessageId="30" MessageClass="Warning" Timestamp="8/12/2024 7:47:14 PM">
    <Number ServiceNumber="80" MessageNumber="30" />
    <Text FeedbackText="Project element: '\PLC_1\ProgramBlocksFolder\SystemBlocksFolder\ProgramResourcesFolder\TİMER1' - Checksum inconsistency for 'General'." />
    <Help HelpId="-1" />
  </MessageCell>
  <MessageCell ServiceId="80" MessageId="30" MessageClass="Warning" Timestamp="8/12/2024 7:47:14 PM">
    <Number ServiceNumber="80" MessageNumber="30" />
    <Text FeedbackText="Project element: '\PLC_1\ProgramBlocksFolder\ARABA_DB' - Checksum inconsistency for 'General'." />
    <Help HelpId="-1" />
  </MessageCell>
  <MessageCell ServiceId="80" MessageId="30" MessageClass="Warning" Timestamp="8/12/2024 7:47:14 PM">
    <Number ServiceNumber="80" MessageNumber="30" />
    <Text FeedbackText="Project element: '\PLC_1\ProgramBlocksFolder\doluluk_DB' - Checksum inconsistency for 'General'." />
    <Help HelpId="-1" />
  </MessageCell>
  <Details ServiceId="80" MessageId="30" Timestamp="8/12/2024 7:47:15 PM" Debug="false">
    <Text>HmiConvert: Started conversion section.</Text>
  </Details>
  <Details ServiceId="80" MessageId="30" Timestamp="8/12/2024 7:47:15 PM" Debug="false">
    <Text>HmiConvert: Starting conversion step &lt;Siemens.Simatic.Hmi.Tag.Managers.Scan:Siemens.Simatic.Hmi.Utah.Tag.RootTagConvertSynchronization.ResynchronizeRootTag&gt;.</Text>
  </Details>
  <Details ServiceId="80" MessageId="30" Timestamp="8/12/2024 7:47:16 PM" Debug="false">
    <Text>HmiConvert: Finished conversion step &lt;Siemens.Simatic.Hmi.Tag.Managers.Scan:Siemens.Simatic.Hmi.Utah.Tag.RootTagConvertSynchronization.ResynchronizeRootTag&gt;.</Text>
  </Details>
  <Details ServiceId="80" MessageId="30" Timestamp="8/12/2024 7:47:16 PM" Debug="false">
    <Text>HmiConvert: Starting conversion step &lt;Siemens.Simatic.Hmi.Dynamics.Service.Scan:Siemens.Simatic.Hmi.BL.Dynamics.Convert.DynamicsMultipleBitConverter.AddingBitmaskType&gt;.</Text>
  </Details>
  <Details ServiceId="80" MessageId="30" Timestamp="8/12/2024 7:47:16 PM" Debug="false">
    <Text>HmiConvert: Finished conversion step &lt;Siemens.Simatic.Hmi.Dynamics.Service.Scan:Siemens.Simatic.Hmi.BL.Dynamics.Convert.DynamicsMultipleBitConverter.AddingBitmaskType&gt;.</Text>
  </Details>
  <Details ServiceId="80" MessageId="30" Timestamp="8/12/2024 7:47:16 PM" Debug="false">
    <Text>HmiConvert: Starting conversion step &lt;Siemens.Simatic.Hmi.BL.FaceplateLib:Siemens.Simatic.Hmi.BL.FaceplateLib.Convert.ConvertFromV17.ConvertFaceplateVersions&gt;.</Text>
  </Details>
  <Details ServiceId="80" MessageId="30" Timestamp="8/12/2024 7:47:16 PM" Debug="false">
    <Text>HmiConvert: Finished conversion step &lt;Siemens.Simatic.Hmi.BL.FaceplateLib:Siemens.Simatic.Hmi.BL.FaceplateLib.Convert.ConvertFromV17.ConvertFaceplateVersions&gt;.</Text>
  </Details>
  <Details ServiceId="80" MessageId="30" Timestamp="8/12/2024 7:47:16 PM" Debug="false">
    <Text>HmiConvert: Starting conversion step &lt;Siemens.Simatic.Hmi.BL.FaceplateLib:Siemens.Simatic.Hmi.BL.FaceplateLib.Convert.RepairDependsOnRelation.Convert&gt;.</Text>
  </Details>
  <Details ServiceId="80" MessageId="30" Timestamp="8/12/2024 7:47:16 PM" Debug="false">
    <Text>HmiConvert: Finished conversion step &lt;Siemens.Simatic.Hmi.BL.FaceplateLib:Siemens.Simatic.Hmi.BL.FaceplateLib.Convert.RepairDependsOnRelation.Convert&gt;.</Text>
  </Details>
  <Details ServiceId="80" MessageId="30" Timestamp="8/12/2024 7:47:16 PM" Debug="false">
    <Text>HmiConvert: Starting conversion step &lt;Siemens.Simatic.Hmi.BL.ModernUI:Siemens.Simatic.Hmi.BL.ModernUI.Convert.DynamicScreenItemConverter.UpdateOutdatedDynamicScreenItems&gt;.</Text>
  </Details>
  <Details ServiceId="80" MessageId="30" Timestamp="8/12/2024 7:47:16 PM" Debug="false">
    <Text>HmiConvert: Finished conversion step &lt;Siemens.Simatic.Hmi.BL.ModernUI:Siemens.Simatic.Hmi.BL.ModernUI.Convert.DynamicScreenItemConverter.UpdateOutdatedDynamicScreenItems&gt;.</Text>
  </Details>
  <Details ServiceId="80" MessageId="30" Timestamp="8/12/2024 7:47:16 PM" Debug="false">
    <Text>HmiConvert: Starting conversion step &lt;Siemens.Simatic.Hmi.BL.ModernUI:Siemens.Simatic.Hmi.BL.ModernUI.CheckRepair.ProjectUpgrades.ActionUpgrade.Repair&gt;.</Text>
  </Details>
  <Details ServiceId="80" MessageId="30" Timestamp="8/12/2024 7:47:16 PM" Debug="false">
    <Text>HmiConvert: Finished conversion step &lt;Siemens.Simatic.Hmi.BL.ModernUI:Siemens.Simatic.Hmi.BL.ModernUI.CheckRepair.ProjectUpgrades.ActionUpgrade.Repair&gt;.</Text>
  </Details>
  <Details ServiceId="80" MessageId="30" Timestamp="8/12/2024 7:47:16 PM" Debug="false">
    <Text>HmiConvert: Starting conversion step &lt;Siemens.Simatic.Hmi.BL.Scripting.Scan:Siemens.Simatic.Hmi.BL.Scripting.Migrations.ScriptReferenceBLConverterWithResolverForOldLayers.ResolveScriptReferencesDuringConvert&gt;.</Text>
  </Details>
  <Details ServiceId="80" MessageId="30" Timestamp="8/12/2024 7:47:16 PM" Debug="false">
    <Text>HmiConvert: Finished conversion step &lt;Siemens.Simatic.Hmi.BL.Scripting.Scan:Siemens.Simatic.Hmi.BL.Scripting.Migrations.ScriptReferenceBLConverterWithResolverForOldLayers.ResolveScriptReferencesDuringConvert&gt;.</Text>
  </Details>
  <Details ServiceId="80" MessageId="30" Timestamp="8/12/2024 7:47:16 PM" Debug="false">
    <Text>HmiConvert: Starting conversion step &lt;Siemens.Simatic.Hmi.BL.Scripting.Scan:Siemens.Simatic.Hmi.BL.Scripting.Migrations.ScriptExternalReferencesUpgrade.RepairExternalScriptReferencesDuringUpgrade&gt;.</Text>
  </Details>
  <Details ServiceId="80" MessageId="30" Timestamp="8/12/2024 7:47:16 PM" Debug="false">
    <Text>HmiConvert: Finished conversion step &lt;Siemens.Simatic.Hmi.BL.Scripting.Scan:Siemens.Simatic.Hmi.BL.Scripting.Migrations.ScriptExternalReferencesUpgrade.RepairExternalScriptReferencesDuringUpgrade&gt;.</Text>
  </Details>
  <Details ServiceId="80" MessageId="30" Timestamp="8/12/2024 7:47:16 PM" Debug="false">
    <Text>HmiConvert: Starting conversion step &lt;Siemens.Simatic.Hmi.BL.SystemFunctions.Scan:Siemens.Simatic.Hmi.BL.SystemFunctions.Convert.FunctionListExternalReferencesUpgrade.RepairExternalFunctionListReferencesDuringUpgrade&gt;.</Text>
  </Details>
  <Details ServiceId="80" MessageId="30" Timestamp="8/12/2024 7:47:16 PM" Debug="false">
    <Text>HmiConvert: Finished conversion step &lt;Siemens.Simatic.Hmi.BL.SystemFunctions.Scan:Siemens.Simatic.Hmi.BL.SystemFunctions.Convert.FunctionListExternalReferencesUpgrade.RepairExternalFunctionListReferencesDuringUpgrade&gt;.</Text>
  </Details>
  <Details ServiceId="80" MessageId="30" Timestamp="8/12/2024 7:47:16 PM" Debug="false">
    <Text>HmiConvert: Starting conversion step &lt;Siemens.Simatic.Hmi.BL.ILStyles:Siemens.Simatic.Hmi.BL.ILStyles.Convert.StyleItemExtender.AdaptModel&gt;.</Text>
  </Details>
  <Details ServiceId="80" MessageId="30" Timestamp="8/12/2024 7:47:16 PM" Debug="false">
    <Text>HmiConvert: Finished conversion step &lt;Siemens.Simatic.Hmi.BL.ILStyles:Siemens.Simatic.Hmi.BL.ILStyles.Convert.StyleItemExtender.AdaptModel&gt;.</Text>
  </Details>
  <Details ServiceId="80" MessageId="30" Timestamp="8/12/2024 7:47:16 PM" Debug="false">
    <Text>HmiConvert: Starting conversion step &lt;Siemens.Simatic.Hmi.BL.ILDevice.HmiOpcUaServerRuntimeSettings.Scan:Siemens.Simatic.Hmi.BL.ILDevice.HmiOpcUaServerRuntimeSettings.HmiOpcUaServerRuntimeSettingsConverter.CreateOpcUaServerRuntimeSettings&gt;.</Text>
  </Details>
  <Details ServiceId="80" MessageId="30" Timestamp="8/12/2024 7:47:16 PM" Debug="false">
    <Text>HmiConvert: Finished conversion step &lt;Siemens.Simatic.Hmi.BL.ILDevice.HmiOpcUaServerRuntimeSettings.Scan:Siemens.Simatic.Hmi.BL.ILDevice.HmiOpcUaServerRuntimeSettings.HmiOpcUaServerRuntimeSettingsConverter.CreateOpcUaServerRuntimeSettings&gt;.</Text>
  </Details>
  <Details ServiceId="80" MessageId="30" Timestamp="8/12/2024 7:47:16 PM" Debug="false">
    <Text>HmiConvert: Starting conversion step &lt;Siemens.Simatic.Hmi.BL.FaceplateLib:Siemens.Simatic.Hmi.BL.FaceplateLib.Convert.CommonDataFaceplateConverter.MoveHmiImageDataFromFaceplateVersionToGraphicVersion&gt;.</Text>
  </Details>
  <Details ServiceId="80" MessageId="30" Timestamp="8/12/2024 7:47:16 PM" Debug="false">
    <Text>HmiConvert: Finished conversion step &lt;Siemens.Simatic.Hmi.BL.FaceplateLib:Siemens.Simatic.Hmi.BL.FaceplateLib.Convert.CommonDataFaceplateConverter.MoveHmiImageDataFromFaceplateVersionToGraphicVersion&gt;.</Text>
  </Details>
  <Details ServiceId="80" MessageId="30" Timestamp="8/12/2024 7:47:16 PM" Debug="false">
    <Text>HmiConvert: Starting conversion step &lt;Siemens.Simatic.Hmi.BL.Reporting:Siemens.Simatic.Hmi.BL.Reporting.Convert.HmiReportingSettingsConverter.CreateReportingRuntimeSettings&gt;.</Text>
  </Details>
  <Details ServiceId="80" MessageId="30" Timestamp="8/12/2024 7:47:16 PM" Debug="false">
    <Text>HmiConvert: Finished conversion step &lt;Siemens.Simatic.Hmi.BL.Reporting:Siemens.Simatic.Hmi.BL.Reporting.Convert.HmiReportingSettingsConverter.CreateReportingRuntimeSettings&gt;.</Text>
  </Details>
  <Details ServiceId="80" MessageId="30" Timestamp="8/12/2024 7:47:16 PM" Debug="false">
    <Text>HmiConvert: Starting conversion step &lt;Siemens.Simatic.Hmi.BL.ILDevice.HmiILProcessDiagnosticsRuntimeSettings.Scan:Siemens.Simatic.Hmi.BL.ILDevice.HmiILProcessDiagnosticsRuntimeSettings.HmiProcessDiagnosticsRuntimeSettingsConverter.CreateProcessDiagnosticsRuntimeSettings&gt;.</Text>
  </Details>
  <Details ServiceId="80" MessageId="30" Timestamp="8/12/2024 7:47:16 PM" Debug="false">
    <Text>HmiConvert: Finished conversion step &lt;Siemens.Simatic.Hmi.BL.ILDevice.HmiILProcessDiagnosticsRuntimeSettings.Scan:Siemens.Simatic.Hmi.BL.ILDevice.HmiILProcessDiagnosticsRuntimeSettings.HmiProcessDiagnosticsRuntimeSettingsConverter.CreateProcessDiagnosticsRuntimeSettings&gt;.</Text>
  </Details>
  <Details ServiceId="80" MessageId="30" Timestamp="8/12/2024 7:47:16 PM" Debug="false">
    <Text>HmiConvert: Starting conversion step &lt;Siemens.Simatic.Hmi.BL.ImageLib:Siemens.Simatic.Hmi.BL.ImageLib.Convert.ConvertFromV17.ConvertImageLibraryVersionData&gt;.</Text>
  </Details>
  <Details ServiceId="80" MessageId="30" Timestamp="8/12/2024 7:47:16 PM" Debug="false">
    <Text>HmiConvert: Finished conversion step &lt;Siemens.Simatic.Hmi.BL.ImageLib:Siemens.Simatic.Hmi.BL.ImageLib.Convert.ConvertFromV17.ConvertImageLibraryVersionData&gt;.</Text>
  </Details>
  <Details ServiceId="80" MessageId="30" Timestamp="8/12/2024 7:47:16 PM" Debug="false">
    <Text>HmiConvert: Starting conversion step &lt;Siemens.Simatic.Hmi.Alarm.Managers.Scan:Siemens.Simatic.Hmi.Utah.Alarm.AlarmDataConverterWithHmiBl.ConvertTagBitCombinationForILDevices&gt;.</Text>
  </Details>
  <Details ServiceId="80" MessageId="30" Timestamp="8/12/2024 7:47:16 PM" Debug="false">
    <Text>HmiConvert: Finished conversion step &lt;Siemens.Simatic.Hmi.Alarm.Managers.Scan:Siemens.Simatic.Hmi.Utah.Alarm.AlarmDataConverterWithHmiBl.ConvertTagBitCombinationForILDevices&gt;.</Text>
  </Details>
  <Details ServiceId="80" MessageId="30" Timestamp="8/12/2024 7:47:16 PM" Debug="false">
    <Text>HmiConvert: Starting conversion step &lt;Siemens.Simatic.Hmi.BL.FaceplateLib:Siemens.Simatic.Hmi.BL.FaceplateLib.Convert.RepairFaceplateDevice.DeleteForbiddenObjects&gt;.</Text>
  </Details>
  <Details ServiceId="80" MessageId="30" Timestamp="8/12/2024 7:47:16 PM" Debug="false">
    <Text>HmiConvert: Finished conversion step &lt;Siemens.Simatic.Hmi.BL.FaceplateLib:Siemens.Simatic.Hmi.BL.FaceplateLib.Convert.RepairFaceplateDevice.DeleteForbiddenObjects&gt;.</Text>
  </Details>
  <Details ServiceId="80" MessageId="30" Timestamp="8/12/2024 7:47:16 PM" Debug="false">
    <Text>HmiConvert: Finished conversion section.</Text>
  </Details>
  <MessageCell ServiceId="80" MessageId="30" MessageClass="Information" Timestamp="8/12/2024 7:47:19 PM">
    <Number ServiceNumber="80" MessageNumber="30" />
    <Text FeedbackText="The cross-reference information is being converted." />
    <Help HelpId="-1" />
  </MessageCell>
  <MessageCell ServiceId="80" MessageId="30" MessageClass="Information" Timestamp="8/12/2024 7:47:19 PM">
    <Number ServiceNumber="80" MessageNumber="30" />
    <Text FeedbackText="The cross-reference information was created successfully." />
    <Help HelpId="-1" />
  </MessageCell>
  <MessageCell ServiceId="80" MessageId="30" MessageClass="Information" Timestamp="8/12/2024 7:47:19 PM">
    <Number ServiceNumber="80" MessageNumber="30" />
    <Text FeedbackText="Conversion of the cross-reference information is finished." />
    <Help HelpId="-1" />
  </MessageCell>
  <Details ServiceId="80" MessageId="30" Timestamp="8/12/2024 7:47:20 PM" Debug="false">
    <Text>Package container 'HW.HMI.Device.BasicPanels.KTP700BasicPlusDP_17.0.0-HmiOnly' was deleted</Text>
  </Details>
  <Details ServiceId="80" MessageId="30" Timestamp="8/12/2024 7:47:20 PM" Debug="false">
    <Text>Package container 'HW.HMI.Device.BasicPanels.KTP700BasicPlusDP_17.0.0' was deleted</Text>
  </Details>
  <Details ServiceId="80" MessageId="30" Timestamp="8/12/2024 7:47:20 PM" Debug="false">
    <Text>Package container 'Siemens.Simatic.Lang.S7BSW.V17.0.0.0.NonMandatory' was deleted</Text>
  </Details>
  <MessageCell ServiceId="Automation-ObjectFrame-Feedbacks" MessageId="ConversionInfoTabProjectSucceeded" MessageClass="Success" Timestamp="8/12/2024 7:47:21 PM">
    <Number ServiceNumber="80" MessageNumber="34" />
    <Text FeedbackText="Project 'E:\\kömür kırma\System\PEData.plf' was successfully upgraded and saved as project 'E:\\kömür kırma_V18\System\PEData.plf'." />
    <Help HelpId="-1" HelpFile="" />
  </MessageCell>
  <MessageCell ServiceId="80" MessageId="30" MessageClass="Information" Timestamp="8/12/2024 7:47:21 PM">
    <Number ServiceNumber="80" MessageNumber="30" />
    <Text FeedbackText="FinalCheckRemainingErrors" />
    <Help HelpId="-1" />
  </MessageCell>
  <Details ServiceId="80" MessageId="30" Timestamp="8/12/2024 7:47:21 PM" Debug="false">
    <Text>No error is detected.</Text>
  </Details>
</LogFile>